reservoir,thai_year,month,outflow,level_end
NPL,2537,1,3.9539,70.7
NPL,2537,2,6.143,67.6
NPL,2537,3,10.2125,61.7
NPL,2537,4,10.8864,56.6
NPL,2537,5,11.2493,54.1
NPL,2537,6,9.8496,59.8
NPL,2537,7,4.9421,84.8
NPL,2537,8,3.5078,90.8
NPL,2537,9,2.592,118.7713
NPL,2537,10,6.8934,154.3326
NPL,2537,11,7.7554,154.5517
NPL,2537,12,10.2654,149.9503
NPL,2538,1,11.7853,139.6438
NPL,2538,2,6.1738,133.6459
NPL,2538,3,15.5062,119.3146
NPL,2538,4,22.6178,101.7597
NPL,2538,5,32.3182,85.1133
NPL,2538,6,30.4443,68.9556
NPL,2538,7,29.1089,61.1146
NPL,2538,8,17.2807,71.7946
NPL,2538,9,57.6859,125.8486
NPL,2538,10,71.6492,169.0047
NPL,2538,11,27.0146,162.4398
NPL,2538,12,6.1283,158.2766
NPL,2539,1,7.0362,153.8943
NPL,2539,2,6.5822,148.6356
NPL,2539,3,15.3585,136.6443
NPL,2539,4,25.7204,120.7634
NPL,2539,5,28.9712,106.9998
NPL,2539,6,28.4957,117.8658
NPL,2539,7,33.547,126.0485
NPL,2539,8,39.3819,114.4249
NPL,2539,9,37.7577,117.8658
NPL,2539,10,20.1374,146.4444
NPL,2539,11,15.8901,158.0575
NPL,2539,12,2.9506,159.1531
NPL,2540,1,13.5653,150.3885
NPL,2540,2,14.984,139.2439
NPL,2540,3,23.8369,120.7634
NPL,2540,4,22.4061,114.4249
NPL,2540,5,10.5175,118.9524
NPL,2540,6,21.9732,101.7597
NPL,2540,7,14.817,89.7129
NPL,2540,8,14.0518,77.2237
NPL,2540,9,13.0525,91.3631
NPL,2540,10,5.6503,136.045
NPL,2540,11,6.7954,149.9503
NPL,2540,12,13.2356,144.6915
NPL,2541,1,13.0081,137.0447
NPL,2541,2,12.1505,131.6466
NPL,2541,3,16.3849,118.4091
NPL,2541,4,16.4401,107.7242
NPL,2541,5,11.8132,104.6455
NPL,2541,6,13.6919,98.1291
NPL,2541,7,11.0243,104.6455
NPL,2541,8,14.8616,116.7792
NPL,2541,9,10.4881,137.8444
NPL,2541,10,22.4658,164.7091
NPL,2541,11,17.6791,164.2318
NPL,2541,12,13.4066,161.1251
NPL,2542,1,10.7124,158.7149
NPL,2542,2,11.4805,151.2649
NPL,2542,3,18.7495,138.8441
NPL,2542,4,22.0187,130.0471
NPL,2542,5,33.4597,136.045
NPL,2542,6,26.1056,130.6469
NPL,2542,7,4.8747,137.0447
NPL,2542,8,40.0471,117.1414
NPL,2542,9,12.3285,137.2446
NPL,2542,10,44.0072,168.766
NPL,2542,11,43.3266,165.6637
NPL,2542,12,14.7546,159.8104
NPL,2543,1,22.6906,143.5959
NPL,2543,2,20.8737,131.6466
NPL,2543,3,21.7196,130.2471
NPL,2543,4,17.9301,122.2499
NPL,2543,5,25.7653,113.7005
NPL,2543,6,41.6996,116.0548
NPL,2543,7,47.3857,103.4099
NPL,2543,8,21.0265,103.9211
NPL,2543,9,14.1588,109.5352
NPL,2543,10,10.9641,141.0433
NPL,2543,11,7.7246,150.1694
NPL,2543,12,13.8631,140.8433
NPL,2544,1,15.1684,132.0464
NPL,2544,2,16.2782,118.9524
NPL,2544,3,19.3226,112.795
NPL,2544,4,17.1354,105.0077
NPL,2544,5,12.3853,118.9524
NPL,2544,6,13.7366,118.7713
NPL,2544,7,19.4092,108.2675
NPL,2544,8,11.6244,105.9132
NPL,2544,9,11.16,105.7321
NPL,2544,10,8.3737,159.3722
NPL,2544,11,24.8027,164.2318
NPL,2544,12,16.6238,155.209
NPL,2545,1,17.4681,144.9106
NPL,2545,2,16.9193,132.8461
NPL,2545,3,18.4265,121.3067
NPL,2545,4,17.6265,114.4249
NPL,2545,5,15.721,124.849
NPL,2545,6,17.5435,125.2488
NPL,2545,7,17.7907,119.4957
NPL,2545,8,16.4945,116.0548
NPL,2545,9,12.1973,116.9603
NPL,2545,10,10.1069,137.6445
NPL,2545,11,11.4179,151.2649
NPL,2545,12,16.2421,154.3326
NPL,2546,1,16.6085,141.6438
NPL,2546,2,19.0316,131.8465
NPL,2546,3,19.8596,127.0482
NPL,2546,4,20.1522,122.0499
NPL,2546,5,23.3523,116.2359
NPL,2546,6,16.9981,119.3146
NPL,2546,7,20.3199,132.8461
NPL,2546,8,39.5729,116.9603
NPL,2546,9,17.1883,129.2474
NPL,2546,10,17.6224,165.1864
NPL,2546,11,20.9652,159.1531
NPL,2546,12,21.4675,142.0621
NPL,2547,1,20.7882,131.2467
NPL,2547,2,17.1314,122.8496
NPL,2547,3,22.2276,107.7242
NPL,2547,4,21.8181,95.6538
NPL,2547,5,22.4148,90.538
NPL,2547,6,23.262,99.2843
NPL,2547,7,19.16,92.1882
NPL,2547,8,18.1818,87.7326
NPL,2547,9,14.4999,100.7695
NPL,2547,10,13.8468,110.6218
NPL,2547,11,10.729,107.1809
NPL,2547,12,17.1405,94.6636
NPL,2548,1,29.4518,77.8306
NPL,2548,2,26.4894,61.9258
NPL,2548,3,26.3369,46.4225
NPL,2548,4,21.7546,36.6157
NPL,2548,5,19.3434,27.6099
NPL,2548,6,12.3053,21.1247
NPL,2548,7,12.9922,14.7104
NPL,2548,8,11.5384,10.0509
NPL,2548,9,8.0552,41.1013
NPL,2548,10,11.0052,72.5202
NPL,2548,11,17.2776,96.974
NPL,2548,12,21.7938,103.0799
NPL,2549,1,10.1209,98.2942
NPL,2549,2,10.2616,95.6538
NPL,2549,3,12.2423,92.6833
NPL,2549,4,12.7057,102.7498
NPL,2549,5,11.0661,119.8579
NPL,2549,6,10.3223,145.568
NPL,2549,7,29.4936,145.568
NPL,2549,8,19.0253,139.044
NPL,2549,9,15.3655,153.237
NPL,2549,10,26.2747,163.5354
NPL,2549,11,12.7816,161.3442
NPL,2549,12,16.2996,149.7311
NPL,2550,1,14.0403,141.0433
NPL,2550,2,17.6706,127.8479
NPL,2550,3,20.4998,116.5981
NPL,2550,4,20.1512,111.8895
NPL,2550,5,16.0285,134.4456
NPL,2550,6,27.9833,145.568
NPL,2550,7,36.0162,138.4442
NPL,2550,8,18.8397,136.4449
NPL,2550,9,15.2639,144.2533
NPL,2550,10,12.8376,153.6752
NPL,2550,11,16.5657,143.1577
NPL,2550,12,18.22,129.2474
NPL,2551,1,16.4903,114.2438
NPL,2551,2,16.4796,101.5947
NPL,2551,3,21.2278,87.4025
NPL,2551,4,20.4426,80.1064
NPL,2551,5,17.0845,81.9271
NPL,2551,6,15.381,88.2276
NPL,2551,7,14.5312,103.4099
NPL,2551,8,15.1487,110.4407
NPL,2551,9,14.4081,138.8441
NPL,2551,10,35.0393,168.766
NPL,2551,11,34.5851,162.4398
NPL,2551,12,21.3867,149.0738
NPL,2552,1,21.3067,134.2457
NPL,2552,2,18.7584,120.7634
NPL,2552,3,21.8911,112.795
NPL,2552,4,17.7737,115.1493
NPL,2552,5,21.8293,132.4463
NPL,2552,6,27.4617,125.0489
NPL,2552,7,15.8117,122.4498
NPL,2552,8,15.5955,118.9524
NPL,2552,9,14.6349,136.245
NPL,2552,10,45.7726,168.0501
NPL,2552,11,29.6748,163.7545
NPL,2552,12,13.206,157.4006
NPL,2553,1,18.5048,147.7591
NPL,2553,2,19.373,135.6452
NPL,2553,3,21.9761,116.9603
NPL,2553,4,20.7473,102.9149
NPL,2553,5,19.474,98.4592
NPL,2553,6,15.18,108.2675
NPL,2553,7,12.9827,128.0478
NPL,2553,8,16.8482,145.3488
NPL,2553,9,29.8672,159.1531
NPL,2553,10,52.4668,165.9023
NPL,2553,11,18.1937,163.0972
NPL,2553,12,18.9053,152.1414
NPL,2554,1,21.303,137.2446
NPL,2554,2,21.5772,120.7634
NPL,2554,3,20.9717,109.5352
NPL,2554,4,21.9237,126.4484
NPL,2554,5,22.3778,126.4484
NPL,2554,6,20.8893,127.648
NPL,2554,7,19.6038,122.0499
NPL,2554,8,14.7396,148.1973
NPL,2554,9,47.0838,170.1979
NPL,2554,10,105.3799,167.0955
NPL,2554,11,23.6229,159.8104
NPL,2554,12,18.4966,145.7871
NPL,2555,1,14.4234,136.8448
NPL,2555,2,21.167,120.7634
NPL,2555,3,24.2209,103.74
NPL,2555,4,23.8069,88.8877
NPL,2555,5,18.6314,94.0035
NPL,2555,6,20.0406,81.0168
NPL,2555,7,18.1898,72.9754
NPL,2555,8,19.9035,69.4964
NPL,2555,9,17.1092,108.6297
NPL,2555,10,17.3911,159.5913
NPL,2555,11,18.0711,165.6636
NPL,2555,12,20.7974,158.4957
NPL,2556,1,20.3156,144.4724
NPL,2556,2,19.0542,132.0464
NPL,2556,3,24.095,116.7792
NPL,2556,4,27.0894,100.6045
NPL,2556,5,27.6018,84.203
NPL,2556,6,18.3373,93.0134
NPL,2556,7,14.7053,102.4198
NPL,2556,8,14.0628,111.7084
NPL,2556,9,12.3327,138.8441
NPL,2556,10,130.2317,168.5274
NPL,2556,11,49.6127,168.0501
NPL,2556,12,23.2975,158.2766
NPL,2557,1,20.2149,140.8433
NPL,2557,2,20.7166,125.6487
NPL,2557,3,22.8936,107.9053
NPL,2557,4,21.5065,99.9444
NPL,2557,5,26.0568,86.7823
NPL,2557,6,19.953,76.9202
NPL,2557,7,22.9661,63.2777
NPL,2557,8,21.9471,63.2777
NPL,2557,9,18.1075,79.4995
NPL,2557,10,13.2254,115.3304
NPL,2557,11,13.3659,152.7988
NPL,2557,12,16.4587,149.7311
NPL,2558,1,15.6654,135.2453
NPL,2558,2,15.6762,123.8493
NPL,2558,3,27.7391,102.7498
NPL,2558,4,30.1107,89.7129
NPL,2558,5,28.7957,81.0168
NPL,2558,6,26.0432,73.8857
NPL,2558,7,26.2106,60.3035
NPL,2558,8,23.8108,61.6554
NPL,2558,9,20.1276,108.0864
NPL,2558,10,16.6904,159.1531
NPL,2558,11,17.9487,156.9619
NPL,2558,12,17.5751,160.0295
NPL,2559,1,18.2814,155.6472
NPL,2559,2,21.4179,144.6915
NPL,2559,3,29.1228,119.4957
NPL,2559,4,32.1235,91.0331
NPL,2559,5,32.8254,69.4964
NPL,2559,6,29.0407,51.5048
NPL,2559,7,25.3435,56.8145
NPL,2559,8,22.9619,48.2727
NPL,2559,9,21.0439,58.9516
NPL,2559,10,19.6761,95.1587
NPL,2559,11,19.5058,107.7242
NPL,2559,12,22.9511,107.5431
NPL,2560,1,23.5493,110.984
NPL,2560,2,24.8046,102.5848
NPL,2560,3,23.1916,92.3533
NPL,2560,4,15.2357,97.304
NPL,2560,5,14.5473,126.8482
NPL,2560,6,29.3391,131.8465
NPL,2560,7,38.2911,126.4484
NPL,2560,8,21.7403,125.4487
NPL,2560,9,17.8115,140.4435
NPL,2560,10,31.0425,160.0295
NPL,2560,11,13.817,160.2487
NPL,2560,12,26.8444,144.0342
NPL,2561,1,27.2946,132.2464
NPL,2561,2,22.3146,125.0489
NPL,2561,3,21.2489,128.6476
NPL,2561,4,26.1572,144.0342
NPL,2561,5,60.1902,135.0454
NPL,2561,6,47.9053,117.8658
NPL,2561,7,23.8121,112.2517
NPL,2561,8,23.4816,104.8266
NPL,2561,9,18.5139,132.4463
NPL,2561,10,55.675,167.8115
NPL,2561,11,34.0244,163.3163
NPL,2561,12,23.114,150.6076
NPL,2562,1,24.5816,136.6448
NPL,2562,2,24.064,125.0489
NPL,2562,3,27.7584,107.362
NPL,2562,4,27.4077,95.1587
NPL,2562,5,25.4161,86.4789
NPL,2562,6,21.9935,91.6932
NPL,2562,7,21.1441,93.8385
NPL,2562,8,15.1526,87.0858
NPL,2562,9,16.5827,93.6735
NPL,2562,10,21.6007,97.6341
NPL,2562,11,24.4597,83.5961
NPL,2562,12,31.9656,57.5071
NPL,2563,1,27.3857,37.6183
NPL,2563,2,22.5926,29.7296
NPL,2563,3,25.1273,23.8703
NPL,2563,4,20.9494,25.0723
NPL,2563,5,18.1674,35.4284
NPL,2563,6,12.1346,70.7131
NPL,2563,7,19.2342,113.1572
NPL,2563,8,23.3122,128.8476
DK,2537,1,,
DK,2537,2,,
DK,2537,3,,
DK,2537,4,,
DK,2537,5,,
DK,2537,6,,
DK,2537,7,,
DK,2537,8,,
DK,2537,9,,
DK,2537,10,,
DK,2537,11,,
DK,2537,12,,
DK,2538,1,,
DK,2538,2,,
DK,2538,3,,
DK,2538,4,,
DK,2538,5,,
DK,2538,6,,
DK,2538,7,,
DK,2538,8,,
DK,2538,9,,
DK,2538,10,,
DK,2538,11,,
DK,2538,12,,
DK,2539,1,,
DK,2539,2,,
DK,2539,3,,
DK,2539,4,,
DK,2539,5,,
DK,2539,6,,
DK,2539,7,,
DK,2539,8,,
DK,2539,9,,
DK,2539,10,,
DK,2539,11,,
DK,2539,12,,
DK,2540,1,6.7081,66.8
DK,2540,2,7.2653,62.02
DK,2540,3,7.7833,55.62
DK,2540,4,8.1475,53.46
DK,2540,5,14.9589,46.02
DK,2540,6,7.7857,39.94
DK,2540,7,6.9651,34.44
DK,2540,8,7.468,28.04
DK,2540,9,6.0664,32.46
DK,2540,10,6.2913,60.94
DK,2540,11,7.0533,74.4
DK,2540,12,7.4419,71.4
DK,2541,1,6.8426,66.3
DK,2541,2,6.795,60.58
DK,2541,3,7.2418,53.62
DK,2541,4,7.2677,49.7
DK,2541,5,11.4765,42.8
DK,2541,6,9.7308,37.14
DK,2541,7,6.5692,42.6
DK,2541,8,6.8128,53.38
DK,2541,9,18.6702,67.6
DK,2541,10,63.6589,74.0
DK,2541,11,18.6348,72.8
DK,2541,12,7.5644,67.3
DK,2542,1,8.0308,61.78
DK,2542,2,7.1215,55.06
DK,2542,3,6.8447,50.58
DK,2542,4,6.9784,50.5
DK,2542,5,19.2504,64.3
DK,2542,6,20.3506,55.86
DK,2542,7,18.6164,43.42
DK,2542,8,10.9145,36.32
DK,2542,9,7.1241,48.58
DK,2542,10,19.6257,76.5
DK,2542,11,40.1486,75.1
DK,2542,12,6.0693,73.22
DK,2543,1,3.6927,72.94
DK,2543,2,4.3919,69.6
DK,2543,3,4.1361,69.1
DK,2543,4,11.27,69.1
DK,2543,5,32.0548,56.74
DK,2543,6,10.7752,67.8
DK,2543,7,48.5497,54.58
DK,2543,8,22.2507,48.82
DK,2543,9,7.7439,51.14
DK,2543,10,4.2377,74.0
DK,2543,11,22.0435,71.82
DK,2543,12,5.7406,69.6
DK,2544,1,4.5098,67.3
DK,2544,2,4.112,63.4
DK,2544,3,4.6493,70.5
DK,2544,4,12.6084,72.24
DK,2544,5,50.4993,65.7
DK,2544,6,35.7347,53.22
DK,2544,7,10.8538,51.62
DK,2544,8,21.0001,50.5
DK,2544,9,11.7923,50.42
DK,2544,10,16.0131,76.2
DK,2544,11,42.8949,72.8
DK,2544,12,5.6621,72.1
DK,2545,1,9.9529,64.7
DK,2545,2,6.8042,58.66
DK,2545,3,5.5694,53.7
DK,2545,4,8.8962,50.1
DK,2545,5,7.8092,54.58
DK,2545,6,8.3898,55.7
DK,2545,7,14.15,49.46
DK,2545,8,7.2361,47.22
DK,2545,9,5.1556,51.54
DK,2545,10,9.7986,70.0
DK,2545,11,58.8968,72.8
DK,2545,12,12.8966,71.68
DK,2546,1,10.6121,64.7
DK,2546,2,6.2615,60.34
DK,2546,3,7.0568,60.22
DK,2546,4,8.1145,57.34
DK,2546,5,11.5378,57.46
DK,2546,6,11.8919,64.5
DK,2546,7,27.7758,53.3
DK,2546,8,15.5952,54.5
DK,2546,9,22.8932,58.18
DK,2546,10,23.6787,72.24
DK,2546,11,14.2446,70.0
DK,2546,12,9.6477,63.5
DK,2547,1,7.8049,57.34
DK,2547,2,8.0523,52.58
DK,2547,3,8.1524,46.74
DK,2547,4,9.0374,40.18
DK,2547,5,6.2533,41.9
DK,2547,6,6.1302,55.86
DK,2547,7,9.6508,54.74
DK,2547,8,16.5994,50.74
DK,2547,9,6.4493,54.98
DK,2547,10,7.4094,68.1
DK,2547,11,16.9962,56.18
DK,2547,12,13.3293,45.7
DK,2548,1,7.3364,39.14
DK,2548,2,7.1998,31.92
DK,2548,3,8.2784,25.02
DK,2548,4,7.6084,20.42
DK,2548,5,7.6578,15.56
DK,2548,6,7.5668,9.58
DK,2548,7,5.6539,7.38
DK,2548,8,4.0708,6.7
DK,2548,9,4.7489,23.58
DK,2548,10,6.3888,43.66
DK,2548,11,7.3057,61.06
DK,2548,12,8.3177,63.7
DK,2549,1,9.9461,56.74
DK,2549,2,9.4733,54.26
DK,2549,3,11.8009,48.66
DK,2549,4,10.7197,50.82
DK,2549,5,8.7564,61.9
DK,2549,6,12.828,67.3
DK,2549,7,40.4641,61.78
DK,2549,8,12.4253,56.74
DK,2549,9,16.3164,67.0
DK,2549,10,20.9093,70.6
DK,2549,11,8.4712,69.9
DK,2549,12,8.3195,65.3
DK,2550,1,10.567,58.18
DK,2550,2,9.1565,51.7
DK,2550,3,10.2666,43.9
DK,2550,4,8.1943,40.9
DK,2550,5,7.0799,49.94
DK,2550,6,8.0784,57.82
DK,2550,7,21.3426,62.26
DK,2550,8,19.382,59.14
DK,2550,9,11.0674,60.22
DK,2550,10,9.108,64.7
DK,2550,11,10.6164,58.06
DK,2550,12,9.8064,50.58
DK,2551,1,10.6481,41.1
DK,2551,2,8.7533,33.64
DK,2551,3,8.2326,26.64
DK,2551,4,5.9165,25.86
DK,2551,5,5.4003,29.8
DK,2551,6,4.8217,36.32
DK,2551,7,4.5258,49.78
DK,2551,8,4.9033,54.18
DK,2551,9,17.3389,67.9
DK,2551,10,40.7995,78.8
DK,2551,11,51.577,73.6
DK,2551,12,12.8587,68.4
DK,2552,1,13.3522,61.06
DK,2552,2,11.5281,54.34
DK,2552,3,14.4525,53.54
DK,2552,4,20.2125,56.98
DK,2552,5,34.8709,68.3
DK,2552,6,51.9452,49.7
DK,2552,7,15.9921,50.26
DK,2552,8,10.7028,49.14
DK,2552,9,7.2725,56.18
DK,2552,10,65.721,74.4
DK,2552,11,24.3991,71.54
DK,2552,12,21.8441,61.9
DK,2553,1,8.8795,54.82
DK,2553,2,7.3304,52.74
DK,2553,3,9.1953,46.1
DK,2553,4,9.0817,40.8
DK,2553,5,13.5255,41.9
DK,2553,6,10.986,45.14
DK,2553,7,8.893,51.38
DK,2553,8,13.6915,54.34
DK,2553,9,26.4517,65.7131
DK,2553,10,47.6157,73.177
DK,2553,11,19.2061,68.6812
DK,2553,12,15.2769,58.8439
DK,2554,1,20.0805,47.7234
DK,2554,2,8.7656,41.6308
DK,2554,3,9.8424,38.4415
DK,2554,4,9.3921,47.6386
DK,2554,5,9.6373,51.5559
DK,2554,6,9.299,57.3933
DK,2554,7,18.7338,49.1803
DK,2554,8,9.4997,56.4392
DK,2554,9,22.3816,69.6525
DK,2554,10,55.3194,73.5138
DK,2554,11,18.6701,71.9519
DK,2554,12,23.2194,60.914
DK,2555,1,28.6756,47.6386
DK,2555,2,11.9067,44.006
DK,2555,3,10.9943,37.7056
DK,2555,4,10.2404,35.1307
DK,2555,5,10.5209,41.4753
DK,2555,6,10.6118,37.7056
DK,2555,7,13.4308,31.2285
DK,2555,8,12.4678,23.5997
DK,2555,9,6.9584,31.9445
DK,2555,10,5.029,63.9508
DK,2555,11,8.212,74.5307
DK,2555,12,14.6533,71.29
DK,2556,1,11.6731,63.336
DK,2556,2,10.4953,55.2144
DK,2556,3,11.2249,46.9642
DK,2556,4,9.9999,42.7291
DK,2556,5,5.5679,43.3647
DK,2556,6,7.8887,43.6045
DK,2556,7,10.0719,39.7889
DK,2556,8,11.2307,38.664
DK,2556,9,10.5419,42.0993
DK,2556,10,74.9554,77.4089
DK,2556,11,42.4017,75.3287
DK,2556,12,9.5562,68.4664
DK,2557,1,11.3416,59.0391
DK,2557,2,9.8894,50.5789
DK,2557,3,11.5658,39.1116
DK,2557,4,10.3831,31.0347
DK,2557,5,5.3315,31.1638
DK,2557,6,7.6085,27.5492
DK,2557,7,8.0836,20.4749
DK,2557,8,4.564,29.3852
DK,2557,9,4.7165,39.1865
DK,2557,10,9.7833,55.4017
DK,2557,11,11.815,60.2189
DK,2557,12,15.6678,49.3537
DK,2558,1,15.0267,36.8343
DK,2558,2,12.179,25.4411
DK,2558,3,7.2775,20.1291
DK,2558,4,4.7504,18.878
DK,2558,5,5.5312,24.7053
DK,2558,6,5.226,30.9702
DK,2558,7,6.9461,28.336
DK,2558,8,8.6559,23.6542
DK,2558,9,6.9737,47.385
DK,2558,10,7.2126,75.4433
DK,2558,11,16.6372,73.065
DK,2558,12,15.8908,65.1917
DK,2559,1,17.7293,52.0941
DK,2559,2,16.011,37.4137
DK,2559,3,9.4227,28.7652
DK,2559,4,8.1739,21.331
DK,2559,5,8.1882,13.7967
DK,2559,6,4.8359,11.433
DK,2559,7,3.8181,17.2288
DK,2559,8,3.714,20.4252
DK,2559,9,2.4669,31.0347
DK,2559,10,4.8508,56.915
DK,2559,11,5.5674,72.8414
DK,2559,12,9.8325,67.5054
DK,2560,1,8.518,67.1869
DK,2560,2,11.3298,59.2347
DK,2560,3,13.7703,49.6145
DK,2560,4,16.045,48.4909
DK,2560,5,13.0623,56.8196
DK,2560,6,8.6551,59.7255
DK,2560,7,15.1903,62.9282
DK,2560,8,23.6015,53.5475
DK,2560,9,5.7026,71.4
DK,2560,10,39.8917,76.9431
DK,2560,11,11.677,73.8516
DK,2560,12,6.4237,70.4137
DK,2561,1,6.443,68.1452
DK,2561,2,9.5639,62.7249
DK,2561,3,28.5496,50.7556
DK,2561,4,9.326,54.9343
DK,2561,5,33.4298,52.3646
DK,2561,6,18.7201,49.0073
DK,2561,7,6.5632,48.4787
DK,2561,8,9.1232,44.7344
DK,2561,9,7.6756,62.0167
DK,2561,10,40.623,78.7
DK,2561,11,17.1574,79.0547
DK,2561,12,9.013,76.711
DK,2562,1,13.9463,65.0877
DK,2562,2,12.5276,54.8411
DK,2562,3,15.0205,41.553
DK,2562,4,13.2764,30.7133
DK,2562,5,8.4787,26.5995
DK,2562,6,5.7523,29.9501
DK,2562,7,8.2573,26.2486
DK,2562,8,6.1446,22.3152
DK,2562,9,4.1996,24.4816
DK,2562,10,4.0948,35.2706
DK,2562,11,3.2727,36.4751
DK,2562,12,3.6712,34.3671
DK,2563,1,6.12,30.1398
DK,2563,2,9.0179,22.2102
DK,2563,3,8.58,14.5764
DK,2563,4,6.9119,11.7026
DK,2563,5,6.61,15.635
DK,2563,6,7.5447,23.2203
DK,2563,7,4.1387,40.934
DK,2563,8,2.2112,50.5789
KY,2537,1,,
KY,2537,2,,
KY,2537,3,,
KY,2537,4,,
KY,2537,5,,
KY,2537,6,,
KY,2537,7,,
KY,2537,8,,
KY,2537,9,,
KY,2537,10,,
KY,2537,11,,
KY,2537,12,,
KY,2538,1,,
KY,2538,2,,
KY,2538,3,,
KY,2538,4,,
KY,2538,5,,
KY,2538,6,,
KY,2538,7,,
KY,2538,8,,
KY,2538,9,,
KY,2538,10,,
KY,2538,11,,
KY,2538,12,,
KY,2539,1,,
KY,2539,2,,
KY,2539,3,,
KY,2539,4,,
KY,2539,5,,
KY,2539,6,,
KY,2539,7,,
KY,2539,8,,
KY,2539,9,,
KY,2539,10,,
KY,2539,11,,
KY,2539,12,,
KY,2540,1,,
KY,2540,2,,
KY,2540,3,,
KY,2540,4,,
KY,2540,5,,
KY,2540,6,,
KY,2540,7,,
KY,2540,8,,
KY,2540,9,,
KY,2540,10,,
KY,2540,11,,
KY,2540,12,,
KY,2541,1,,
KY,2541,2,,
KY,2541,3,,
KY,2541,4,,
KY,2541,5,,
KY,2541,6,,
KY,2541,7,,
KY,2541,8,,
KY,2541,9,,
KY,2541,10,,
KY,2541,11,,
KY,2541,12,,
KY,2542,1,,
KY,2542,2,,
KY,2542,3,,
KY,2542,4,,
KY,2542,5,,
KY,2542,6,,
KY,2542,7,,
KY,2542,8,,
KY,2542,9,,
KY,2542,10,,
KY,2542,11,,
KY,2542,12,,
KY,2543,1,,
KY,2543,2,,
KY,2543,3,,
KY,2543,4,,
KY,2543,5,,
KY,2543,6,,
KY,2543,7,,
KY,2543,8,,
KY,2543,9,,
KY,2543,10,,
KY,2543,11,,
KY,2543,12,,
KY,2544,1,,
KY,2544,2,,
KY,2544,3,,
KY,2544,4,,
KY,2544,5,,
KY,2544,6,,
KY,2544,7,,
KY,2544,8,,
KY,2544,9,,
KY,2544,10,,
KY,2544,11,,
KY,2544,12,,
KY,2545,1,,
KY,2545,2,,
KY,2545,3,,
KY,2545,4,,
KY,2545,5,,
KY,2545,6,,
KY,2545,7,,
KY,2545,8,,
KY,2545,9,,
KY,2545,10,,
KY,2545,11,,
KY,2545,12,,
KY,2546,1,,
KY,2546,2,,
KY,2546,3,,
KY,2546,4,,
KY,2546,5,,
KY,2546,6,,
KY,2546,7,,
KY,2546,8,,
KY,2546,9,,
KY,2546,10,,
KY,2546,11,,
KY,2546,12,,
KY,2547,1,,
KY,2547,2,,
KY,2547,3,,
KY,2547,4,,
KY,2547,5,,
KY,2547,6,,
KY,2547,7,,
KY,2547,8,,
KY,2547,9,,
KY,2547,10,,
KY,2547,11,,
KY,2547,12,,
KY,2548,1,,
KY,2548,2,,
KY,2548,3,,
KY,2548,4,,
KY,2548,5,,
KY,2548,6,,
KY,2548,7,,
KY,2548,8,,
KY,2548,9,0.3071,15.0
KY,2548,10,0.9684,32.938
KY,2548,11,10.5185,40.9004
KY,2548,12,7.4554,41.167
KY,2549,1,6.0209,36.2242
KY,2549,2,1.521,34.3505
KY,2549,3,7.255,33.2378
KY,2549,4,5.7329,34.3505
KY,2549,5,7.9719,40.3668
KY,2549,6,15.768,35.2791
KY,2549,7,4.5529,35.4876
KY,2549,8,2.702,36.3302
KY,2549,9,17.2761,42.0651
KY,2549,10,14.5338,40.0564
KY,2549,11,3.2018,39.4958
KY,2549,12,4.3271,36.2242
KY,2550,1,3.8555,31.5659
KY,2550,2,4.1377,28.4819
KY,2550,3,4.2061,26.2839
KY,2550,4,7.5335,25.1039
KY,2550,5,14.0903,35.0713
KY,2550,6,14.2756,41.1672
KY,2550,7,18.5927,41.1672
KY,2550,8,15.6957,36.6496
KY,2550,9,16.8876,36.1183
KY,2550,10,56.2154,35.8021
KY,2550,11,2.5401,32.4439
KY,2550,12,4.3831,28.5722
KY,2551,1,7.7716,23.3218
KY,2551,2,7.0936,19.8011
KY,2551,3,7.3484,16.7174
KY,2551,4,6.2454,16.8443
KY,2551,5,1.1228,22.5404
KY,2551,6,1.6053,29.5789
KY,2551,7,1.4472,35.4876
KY,2551,8,1.349,27.6771
KY,2551,9,1.1158,40.0263
KY,2551,10,10.7986,41.5241
KY,2551,11,8.3681,40.0742
KY,2551,12,4.4191,38.8264
KY,2552,1,6.0997,34.6582
KY,2552,2,6.1936,28.6638
KY,2552,3,7.0589,29.9508
KY,2552,4,21.4851,28.9356
KY,2552,5,22.3632,30.7988
KY,2552,6,29.4837,29.5789
KY,2552,7,28.425,23.8794
KY,2552,8,7.9539,22.54
KY,2552,9,3.4682,41.8848
KY,2552,10,31.473,40.6336
KY,2552,11,4.7544,40.0885
KY,2552,12,7.3914,34.3505
KY,2553,1,6.4833,32.3455
KY,2553,2,3.7133,30.42
KY,2553,3,3.0021,28.2119
KY,2553,4,6.1436,27.0617
KY,2553,5,13.7402,24.3643
KY,2553,6,14.3616,23.4009
KY,2553,7,13.5416,28.2119
KY,2553,8,11.4889,34.452
KY,2553,9,19.0673,40.2051
KY,2553,10,40.161,40.3103
KY,2553,11,3.2375,35.9116
KY,2553,12,4.9815,31.8477
KY,2554,1,8.0211,25.659
KY,2554,2,8.1663,21.8933
KY,2554,3,8.1634,19.0265
KY,2554,4,4.6541,27.4905
KY,2554,5,8.8163,29.1882
KY,2554,6,3.9059,25.7452
KY,2554,7,6.0398,23.1245
KY,2554,8,8.1938,41.6858
KY,2554,9,56.0743,41.7922
KY,2554,10,28.8938,40.5209
KY,2554,11,2.4022,39.8968
KY,2554,12,4.5037,34.141
KY,2555,1,5.7773,32.8892
KY,2555,2,10.4473,25.4871
KY,2555,3,7.5265,20.9398
KY,2555,4,5.3797,18.4417
KY,2555,5,3.1567,23.2074
KY,2555,6,6.159,20.9398
KY,2555,7,3.5808,26.4382
KY,2555,8,11.7191,29.1882
KY,2555,9,58.0956,40.8375
KY,2555,10,32.9394,37.2174
KY,2555,11,13.196,40.5209
KY,2555,12,4.3566,38.8555
KY,2556,1,3.5683,36.4111
KY,2556,2,4.1606,32.5086
KY,2556,3,4.2912,30.1887
KY,2556,4,4.871,27.4905
KY,2556,5,8.7233,20.7033
KY,2556,6,13.2402,27.6674
KY,2556,7,17.9183,23.9586
KY,2556,8,16.1475,25.1444
KY,2556,9,17.5939,33.368
KY,2556,10,48.3187,40.6264
KY,2556,11,2.2983,39.2705
KY,2556,12,4.5404,36.7125
KY,2557,1,6.1521,32.7939
KY,2557,2,5.2069,30.1887
KY,2557,3,8.2592,24.4643
KY,2557,4,10.2893,16.4997
KY,2557,5,5.6574,13.7209
KY,2557,6,2.7644,13.0433
KY,2557,7,2.1849,13.0433
KY,2557,8,5.5836,21.4988
KY,2557,9,17.0689,31.1934
KY,2557,10,21.5772,36.914
KY,2557,11,16.1869,30.27
KY,2557,12,4.5398,23.8747
KY,2558,1,7.7193,18.4417
KY,2558,2,7.2776,13.3789
KY,2558,3,3.6953,11.6625
KY,2558,4,3.1732,9.9481
KY,2558,5,2.974,8.0911
KY,2558,6,2.278,7.5971
KY,2558,7,2.3442,5.4361
KY,2558,8,3.6253,9.6414
KY,2558,9,5.7954,32.2246
KY,2558,10,17.6561,42.1121
KY,2558,11,2.1736,41.0491
KY,2558,12,13.7,31.2864
KY,2559,1,9.2986,28.4687
KY,2559,2,13.3955,25.3155
KY,2559,3,2.631,24.7185
KY,2559,4,5.8792,27.8447
KY,2559,5,21.5911,21.9747
KY,2559,6,13.9846,26.1775
KY,2559,7,19.8939,29.8234
KY,2559,8,24.0295,25.3155
KY,2559,9,17.9011,33.9469
KY,2559,10,17.6012,38.9591
KY,2559,11,16.8426,35.1193
KY,2559,12,15.4697,27.138
KY,2560,1,11.8865,25.573
KY,2560,2,8.947,24.3797
KY,2560,3,10.0201,22.4649
KY,2560,4,12.8078,23.9586
KY,2560,5,13.5681,34.7264
KY,2560,6,13.8648,29.9146
KY,2560,7,30.8828,28.2899
KY,2560,8,5.1308,34.8244
KY,2560,9,6.3903,35.8121
KY,2560,10,16.7306,39.8968
KY,2560,11,11.528,35.4154
KY,2560,12,10.4942,34.3356
KY,2561,1,14.2357,32.8892
KY,2561,2,13.0896,30.915
KY,2561,3,14.1681,30.1887
KY,2561,4,12.401,27.138
KY,2561,5,11.6223,30.73
KY,2561,6,11.5336,29.9146
KY,2561,7,13.6827,21.9747
KY,2561,8,6.9538,24.211
KY,2561,9,8.6561,32.9847
KY,2561,10,11.9153,39.2705
KY,2561,11,7.7564,37.2174
KY,2561,12,7.6167,38.0322
KY,2562,1,11.462,34.2382
KY,2562,2,13.3203,29.4598
KY,2562,3,16.1745,27.8447
KY,2562,4,15.2888,28.9176
KY,2562,5,14.3499,27.226
KY,2562,6,9.2373,30.6377
KY,2562,7,21.5986,19.4738
KY,2562,8,17.0075,16.9021
KY,2562,9,13.0972,23.4569
KY,2562,10,12.0995,20.1589
KY,2562,11,9.8464,13.7209
KY,2562,12,3.797,10.6345
KY,2563,1,3.2035,8.1299
KY,2563,2,2.197,6.3261
KY,2563,3,3.4354,3.6566
KY,2563,4,4.3573,3.9633
KY,2563,5,4.8912,5.9341
KY,2563,6,8.6291,19.3239
KY,2563,7,8.2332,34.141
KY,2563,8,13.1573,35.5144
